<?xml version="1.0" encoding="utf-8" ?>
<problem>
<statement>
    <description>

<P>Придя домой, уставший Константин захотел выпить свой любимый чай.
Для этого ему нужно было достать с высокой полки самое красивое блюдце,
которое представляет собой клетчатое поле <i>N</i>&nbsp;&times;&nbsp;<i>N</i>.
Но так как Константин не очень аккуратен, он, естественно, разбил блюдце.</P>

<P>В спешке Костя начал думать, как же починить столь ценную вещь.
И тогда он заметил, что блюдце распалось ровно на клетчатые квадраты <i>K</i>&nbsp;&times;&nbsp;<i>K</i>!
Более того он обнаружил, что <i>N</i> делится на <i>K</i> без остатка.</P>

<P>Восстановив исходное блюдце из кусочков, Костя понял, что ему также нужно купить клей,
чтобы склеить все соприкасающиеся кусочки в исходное клетчатое поле <i>N</i>&nbsp;&times;&nbsp;<i>N</i>.
Он тут же посчитал, что для того, чтобы проклеить границу
между двумя соприкасающимися клетками длины 1, необходима ровно одна банка клея.</P>

<P>Помогите Косте посчитать, сколько банок клея ему нужно купить, чтобы склеить его любимое блюдце.</P>

<h3>Входные данные</h3>

<P>В первой строке входных данных записано одно целое число <i>N</i> (1&nbsp;&le;&nbsp;<i>N</i>&nbsp;&le;&nbsp;10<sup>4</sup>)&nbsp;&mdash;
размер квадратного блюдца.</P>

<P>Во второй строке записано одно целое число <i>K</i> (1&nbsp;&le;&nbsp;<i>K</i>&nbsp;&le;&nbsp;<i>N</i>,
<i>N</i> делится на <i>K</i> без остатка)&nbsp;&mdash; размер квадратного осколка блюдца.</P>

<h3>Выходные данные</h3>
<P>В единственной строке выведите одно число&nbsp;&mdash; количество банок клея, которые Косте понадобится купить, чтобы починить блюдце.</P>

<P>Если на самом деле блюдце не разбилось, и Костя зря паниковал, выведите число 0.</P>

<h3>Система оценки</h3>
<P>Решения, правильно работающие только для случаев, когда <i>N</i> и <i>K</i> не превосходят 20, будут оцениваться в 25 баллов.</P>

<P>Решения, правильно работающие только для случаев, когда <i>K</i>&nbsp;=&nbsp;1, будут оцениваться в 30 баллов.</P>

<h3>Примеры</h3>

<table style="text-align: left;" border="1" cellpadding="7" cellspacing="1">
<tbody valign="top">

<tr>
<th><p style="margin: 5px;">Ввод</p></th>
<th><p style="margin: 5px;">Вывод</p></th>
<th><p style="margin: 5px;">Пояснение</p></th>
</tr>

<tr>
<td><p style="margin: 5px;">2<br/>1</p></td>
<td><p style="margin: 5px;">4</p></td>
<td><p style="margin: 5px;">Пример изображён на рисунке ниже. Различными цветами обозначены различные части блюдца,
изначально имевшего размер 2&nbsp;&times;&nbsp;2. Между частями белым цветом обозначен клей, который Костя
купил и намазал, чтобы починить блюдце. Каждая часть блюдца имеет размер 1&nbsp;&times;&nbsp;1.
</p></td>
</tr>

<tr>
<td><p style="margin: 5px;">3<br/>3</p></td>
<td><p style="margin: 5px;">0</p></td>
<td><p style="margin: 5px;">Во втором тестовом примере Костя зря паниковал, и на самом деле он не разбил блюдце!</p></td>
</tr>


</tbody>
</table>

<IMG src="${getfile}=560888eefc549a901ccdbca178af54de91d77293.png" />

    </description>
  </statement>
</problem>

