<?xml version="1.0" encoding="utf-8" ?>
<problem>
<statement>
    <description>

<P>Юный художник Вася нарисовал плакат с очень большим числом и решил повесить его на самую длинную стену школы.
К сожалению, даже самая длинная стена оказалась недостаточно длинной, поэтому ему придется укорачивать плакат до нужной длины.
Вася&nbsp;&mdash; максималист, поэтому он хочет, чтобы число, получившееся после всех правок, было как можно больше.
Васе нужно вырезать из плаката любые <i>K</i> цифр, но он ни за что не согласится переставлять получившиеся кусочки местами,
так как это нарушит цветовой баланс плаката. Помогите Васе переделать плакат.</P>

<h3>Входные данные</h3>

<P>В первой строке входных данных записано целое число <i>N</i>, записанное на изначальном длинном плакате. Гарантируется, что в <i>N</i> не менее двух и не
более 200&nbsp;000 цифр (10&nbsp;&le;&nbsp;<i>N</i>&nbsp;&lt;&nbsp;10<sup>200&nbsp;000</sup>).</P>



<P>Во второй строке содержится целое число <i>K</i>&nbsp;&mdash; количество цифр, которые необходимо вырезать из плаката.
Гарантируется, что <i>K</i> не меньше одного и строго меньше количества цифр числа <i>N</i>
(1&nbsp;&le;&nbsp;<i>K</i>, 10<sup><i>K</i></sup>&nbsp;&le;&nbsp;<i>N</i>).</P>

<h3>Выходные данные</h3>

<P>Выведите максимальное число, которое может получиться на плакате после его укорачивания.</P>

<h3>Система оценки</h3>


<P>Решения, верно работающие для <i>N</i>&nbsp;&lt;&nbsp;10<sup>9</sup>, будут оцениваться в 30 баллов.</P>

<P>Решения, верно работающие для <i>N</i>&nbsp;&lt;&nbsp;10<sup>1000</sup>, будут оцениваться в 60 баллов.</P>




<h3>Пример</h3>

<table style="text-align: left;" border="1" cellpadding="7" cellspacing="1">
<tbody valign="top">

<tr>
<th><p style="margin: 5px;">Ввод</p></th>
<th><p style="margin: 5px;">Вывод</p></th>
<th><p style="margin: 5px;">Пояснение</p></th>
</tr>

<tr>
<td><p style="margin: 5px;">2023<br/>1</p></td>
<td><p style="margin: 5px;">223</p></td>
<td><p style="margin: 5px;">На плакате записано число 2023, из него нужно вырезать одну цифру. Максимально число, которое можно при этом получить, равно 223.</p></td>
</tr>

</tbody>
</table>

    </description>
  </statement>
</problem>

