<?xml version="1.0" encoding="utf-8" ?>
<problem>
<statement>
    <description>

<P>Горилла Коко очень любит путешествовать по своим родным джунглям с помощью лиан.</P>

<P>Всего в джунглях есть <i>N</i> лиан, расположенных друг за другом и пронумерованных слева направо целыми числами от 1 до <i>N</i>.
Расстояние между соседними лианами составляет <i>D</i> метров. Находясь на <i>i</i>-й лиане, Коко может совершить прыжок с нее не более, чем на
<i>a</i><sub><i>i</i></sub> метров вправо. В процессе прыжка Коко должна зацепиться за какую-то другую лиану,
мимо которой будет пролетать.</P>

<P>В данный момент Коко висит на первой лиане и хочет переместиться как можно дальше вправо.
Помогите Коко и определите максимальный номер лианы, до которой она сможет добраться.</P>

<h3>Входные данные</h3>
<P>Первая строка входных данных содержит целое число <i>N</i>
(2&nbsp;&le;&nbsp;<i>N</i>&nbsp;&le;&nbsp;10<sup>5</sup>)&nbsp;&mdash; количество лиан.</P>

<P>Во второй строке записано целое число <i>D</i> (1&nbsp;&le;&nbsp;<i>D</i>&nbsp;&le;&nbsp;10<sup>9</sup>)&nbsp;&mdash; расстояние между соседними лианами.</P>
<P>В каждой из следующих <i>N</i> строк записано целое число <i>a</i><sub><i>i</i></sub>
(1&nbsp;&le;&nbsp;<i>a</i><sub><i>i</i></sub>&nbsp;&le;&nbsp;10<sup>9</sup>)&nbsp;&mdash; на сколько метров вправо может прыгнуть Коко, находясь на <i>i</i>-й лиане.</P>

<h3>Выходные данные</h3>
<P>Выведите единственное целое число&nbsp;&mdash; максимальный номер лианы, до которой сможет добраться Коко. </P>

<h3>Система оценки</h3>
<P>Решения, работающие при <i>N</i>&nbsp;&le;&nbsp;15, будут набирать не менее 16 баллов.</P>
<P>Решения, работаюшие при <i>D</i>&nbsp;=&nbsp;1, будут набирать не менее 12 баллов.</P>
<P>Решения, работающие при <i>N</i>&nbsp;&le;&nbsp;2000, будут набирать не менее 56 баллов.</P>

<h3>Пример</h3>

<table style="text-align: left;" border="1" cellpadding="7" cellspacing="1">
<tbody valign="top">

<tr>
<th><p style="margin: 5px;">Ввод</p></th>
<th><p style="margin: 5px;">Вывод</p></th>
<th><p style="margin: 5px;">Пояснение</p></th>
</tr>

<tr>
<td><p style="margin: 5px;"></p>5<br/>3<br/>7<br/>8<br/>2<br/>2<br/>6</td>
<td><p style="margin: 5px;"></p>4</td>
<td><p style="margin: 5px;">
В примере из условия дано 5 лиан, а расстояние между лианами равно 3 метрам.
Находясь на первой лиане, Коко может прыгнуть не более, чем на 7 метров,
то есть она сможет допрыгнуть до второй и третьей лианы.
Ей нужно остановиться на второй лиане, потому что со второй лианы длина прыжка равна 8 метрам,
и это позволит ей допрыгнуть до четвёртой лианы. С четвёртой лианы длина прыжка равна 2
и это меньше, чем расстояние до следующей лианы, поэтому Коко остановится на четвёртой лиане.
</p></td>
</tr>

</tbody>
</table>

    </description>
  </statement>
</problem>

