<?xml version="1.0" encoding="utf-8" ?>
<problem>
<statement>
    <description>

<P>В новогодний сладкий подарок нужно положить ровно <i>N</i> конфет. На складе хранятся конфеты, собранные по одной штуке и по три штуки в одной упаковке.
Всего имеется <i>A</i> упаковок по одной конфете и <i>B</i> упаковок по три конфеты. Определите, какое наибольшее число подарков можно собрать из имеющихся конфет,
если упаковки из трёх конфет нельзя вскрывать и разделять на отдельные конфеты.</P>

<h3>Входные данные</h3>

<P>Первая строка входных данных содержит целое положительное число <i>N</i>&nbsp;&mdash; количество конфет в одном подарке.
Вторая строка входных данных содержит целое неотрицательное число <i>A</i>&nbsp;&mdash; количество упаковок из одной конфеты.
Третья строка содержит целое неотрицательное число <i>B</i>&nbsp;&mdash; количество упаковок из трёх конфет.</P>

<P>Чиcло <i>N</i> и общее число конфет на складе не превосходят 2&times;10<sup>9</sup>.</P>


<h3>Выходные данные</h3>

<P>Программа должна вывести единственное целое число&nbsp;&mdash; максимальное число подарков, которое можно собрать из имеющихся конфет.</P>

<h3>Система оценки</h3>

<P>Решения, правильно работающие, когда входные числа не превосходят 100, будут оцениваться в&nbsp;60 баллов.</P>


<h3>Пример</h3>

<table style="text-align: left;" border="1" cellpadding="7" cellspacing="1">
<tbody valign="top">

<tr>
<th><p style="margin: 5px;">Ввод</p></th>
<th><p style="margin: 5px;">Вывод</p></th>
<th><p style="margin: 5px;">Пояснение</p></th>
</tr>

<tr>
<td><p style="margin: 5px;">4<br/>8<br/>2</p></td>
<td><p style="margin: 5px;">3</p></td>
<td><p style="margin: 5px;">На складе имеются 8 упаковок из одной конфеты и 2 упаковки из трёх конфет.
В один подарок необходимо положить 4 конфеты. Два подарка можно собрать, используя 1 упаковку из одной конфеты и 1 упаковку из трёх конфет.
Ещё один подарок можно собрать из 4 упаковок из одной конфеты. Всего было использовано 6 упаковок из
одной конфеты и 2 упаковки из трёх конфет, осталось 2 упаковки из одной конфеты, которых не хватит на дополнительный подарок.</p></td>
</tr>

</tbody>
</table>

    </description>
  </statement>
</problem>

