<?xml version="1.0" encoding="utf-8" ?>
<problem>
<statement>
    <description>

<P>Миша заблудился в лесу и пытается выйти из него. Он проходит <i>A</i> шагов на север, затем <i>B</i> шагов на восток, затем <i>C</i> шагов на юг,
<i>D</i> шагов на запад, после чего повторяет свои действия (снова <i>A</i> шагов на север, <i>B</i> шагов на восток, <i>C</i> шагов на юг,
<i>D</i> шагов на запад и т.д.).</P>

<P>Оказалось, что для того, чтобы выйти из леса из его первоначальной точки, ему нужно было пройти ровно <i>K</i> шагов в любом из четырёх направлений,
то есть первоначально Миша находится в центре квадрата со стороной 2<i>K</i> шагов.</P>

<P>Определите, сколько шагов Миша сделает, прежде чем выйдет из леса (впервые окажется на границе леса).</P>

<P><IMG src="${getfile}=bbc30a1c5e505ff25023eecf8abdfd8c4f3a537f.png" /></P>

<h3>Входные данные</h3>

<P>Первые четыре строки входных данных содержат по одному целому положительному числу <i>A</i>, <i>B</i>, <i>C</i>, <i>D</i>&nbsp;&mdash;
количество шагов, которое Миша делает на север, восток, юг, запад. Пятая строка входных данных содержит целое число <i>K</i>&nbsp;&mdash;
расстояние от начального расположения Миши до четырёх сторон квадрата (границ леса).
Все входные числа не превосходят 10<sup>9</sup>.</P>

<h3>Выходные данные</h3>

<P>Программа должна вывести одно целое число&nbsp;&mdash; количество шагов, которое Миша сделает до выхода из леса.
Гарантируется, что входные данные таковы, что Миша когда-нибудь выйдет из леса.</P>

<P><b>Обратите внимание, что значение ответа может быть больше, чем возможное значение 32-битной целочисленной переменной,
поэтому необходимо использовать 64-битные целочисленные типы данных (тип&nbsp;int64 в&nbsp;языке Pascal, тип long&nbsp;long в&nbsp;C
и&nbsp;C++, тип long в&nbsp;Java и&nbsp;C#).</b></P>

<h3>Система оценки</h3>

<P>Решения, правильно работающие, когда входные числа не превосходят 100, будут оцениваться в 32 балла.</P>


<h3>Пример</h3>

<table style="text-align: left;" border="1" cellpadding="7" cellspacing="1">
<tbody valign="top">

<tr>
<th><p style="margin: 5px;">Ввод</p></th>
<th><p style="margin: 5px;">Вывод</p></th>
<th><p style="margin: 5px;">Пояснение</p></th>
</tr>

<tr>
<td><p style="margin: 5px;"></p>1<br/>1<br/>2<br/>3<br/>3</td>
<td><p style="margin: 5px;">13</p></td>
<td><p style="margin: 5px;">На рисунке изображён пример из условия. Миша делает 1 шаг на север (вверх), 1 шаг на восток (вправо), 2 шага на юг (вниз), 3 шага на запад (влево). От начального расположения Миши до стороны квадрата&nbsp;&mdash; 3 шага. Первоначальное расположение Миши и точка выхода из леса обозначены синими кругами. Путь Миши обозначен жёлтой линией. Миша пройдёт 13 шагов, прежде чем впервые окажется на границе леса.</p></td>
</tr>

</tbody>
</table>

    </description>
  </statement>
</problem>

