<?xml version="1.0" encoding="utf-8" ?>
<problem>
<statement>
    <description>

<P>Однажды после олимпиады по экономике Мише приснился очень красочный и необычный сон. Мальчик оказался министром финансов Берляндии.
Осознав свою значимость, он тут же решил произвести в стране реформу. Раньше в Берляндии использовались банкноты
с номиналами 1, 10, 100 и 1000 бурлей. Мише данная система показалась крайне банальной, поэтому он решил
придумать что-то свое.</P>

<P>Мальчик выбрал два целых числа <i>x</i> и <i>y</i> (<i>x</i>&nbsp;&le;&nbsp;<i>y</i>) и заявил,
что теперь в Берляндии будут использоваться только банкноты с номиналами
<i>x</i>, <i>x</i>&nbsp;+&nbsp;1, <i>x</i>&nbsp;+&nbsp;2, ..., <i>y</i> бурлей.
Вскоре реформа была принята и вступила в силу, однако населению страны это совсем не понравилось.
Недовольства начались из-за того, что теперь, используя новые банкноты, можно было набрать далеко не любую сумму.</P>

<P>Например, если Мишей были выбраны числа <i>x</i>&nbsp;=&nbsp;5 и  <i>y</i>&nbsp;=&nbsp;7,
то невозможно набрать суммы 1, 2, 3 и 4 бурлей. Также не получится набрать суммы 8 и 9 бурлей.
Если же выбрать числа <i>x</i>&nbsp;=&nbsp;<i>y</i>&nbsp;=&nbsp;2, то невозможно будет набрать
любую нечетную сумму.</P>

<P>Миша, находясь на грани увольнения, решил успокоить население Берляндии и предъявить такое
<b>минимальное</b> число <i>N</i>, что при помощи новых банкнот возможно набрать любую сумму, начиная с <i>N</i>.
Таким образом, должно быть возможно набрать суммы <i>N</i> бурлей, <i>N</i>&nbsp;+&nbsp;1 бурлей, <i>N</i>&nbsp;+&nbsp;2 бурлей, и так далее.
Помогите Мише найти искомое число <i>N</i> и избежать увольнения.</P>

<h3>Входные данные</h3>
<P>В первой строке входных данных записано целое число <i>x</i>&nbsp;&mdash; минимальный номинал новых банкнот.</P>
<P>Во второй строке записано целое число <i>y</i> (1&nbsp;&le;&nbsp;<i>x</i>&nbsp;&le;&nbsp;<i>y</i>&nbsp;&le;&nbsp;2&times;10<sup>9</sup>)&nbsp;&mdash;
максимальный номинал новых банкнот.</P>

<h3>Выходные данные</h3>
<P>Выведите одно натуральное число <i>N</i>&nbsp;&mdash;
<b>минимальное</b> число, такое, что при помощи банкнот с номиналами
<i>x</i>, <i>x</i>&nbsp;+&nbsp;1, <i>x</i>&nbsp;+&nbsp;2, ..., <i>y</i> можно набрать любую сумму, начиная с <i>N</i> бурлей.</P>

<P>Если такого числа не существует, в качестве ответа выведите &minus;1.</P>

<P>Обратите внимание, что ответ может получиться достаточно большим, поэтому следует использовать 64-битный тип данных,
например <b>long&nbsp;long</b> в C/C++, <b>long</b> в Java и C#, <b>int64</b> в Pascal.</P>

<h3>Система оценки</h3>
<P>Решения, правильно работающие только для случаев, когда <i>x</i> и <i>y</i> не превосходят 10<sup>4</sup>,
будут оцениваться в 40 баллов.</P>

<h3>Примеры</h3>

<table style="text-align: left;" border="1" cellpadding="7" cellspacing="1">
<tbody valign="top">

<tr>
<th><p style="margin: 5px;">Ввод</p></th>
<th><p style="margin: 5px;">Вывод</p></th>
<th><p style="margin: 5px;">Пояснение</p></th>
</tr>

<tr>
<td><p style="margin: 5px;">5<br/>7</p></td>
<td><p style="margin: 5px;">10</p></td>
<td><p style="margin: 5px;">Имеются банкноты трех номиналов: 5, 6 и 7 бурлей. При помощи этих банкнот можно
набрать суммы 5&nbsp;=&nbsp;5, 6&nbsp;=&nbsp;6, 7&nbsp;=&nbsp;7, 10&nbsp;=&nbsp;5&nbsp;+&nbsp;5,
11&nbsp;=&nbsp;5&nbsp;+&nbsp;6, 12&nbsp;=&nbsp;5&nbsp;+&nbsp;7, 13&nbsp;=&nbsp;6&nbsp;+&nbsp;7, ...
Можно показать, что при помощи банкнот данных номиналов возможно набрать любую сумму, начиная с 10 бурлей.
</p></td>
</tr>

<tr>
<td><p style="margin: 5px;">2<br/>2</p></td>
<td><p style="margin: 5px;">-1</p></td>
<td><p style="margin: 5px;">Во втором примере есть банкноты всего одного номинала: 2 бурля.
При помощи данных банкнот можно набрать только любую чётную сумму: 2, 4, 6, .... Таким образом, искомого числа <i>N</i> не существует.
</p></td>
</tr>

<tr>
<td><p style="margin: 5px;">1900000000<br/>2000000000</p></td>
<td><p style="margin: 5px;">36100000000</p></td>
<td><p style="margin: 5px;">&nbsp;</p></td>
</tr>


</tbody>
</table>

    </description>
  </statement>
</problem>

