<?xml version="1.0" encoding="utf-8" ?>
<problem>
<statement>
    <description>



<P>Выходя на пробежку, Рита берёт с собой телефон для прослушивания музыки и беспроводные наушники. Перед каждой пробежкой Рита заряжает наушники,
и этой зарядки хватает на <i>A</i> минут прослушивания музыки. Рита решила, что каждый день она будет тренироваться на минуту дольше,
чем в предыдущий день. То есть если в первый день Рита бегала и слушала музыку в течение <i>B</i> минут,
во второй день она будет бегать <i>B</i>&nbsp;&plus;&nbsp;1 минут, в третий день&nbsp;&mdash; <i>B</i>&nbsp;&plus;&nbsp;2 минут и т.д.</P>
<P>Если заряда наушников хватает на большее время, чем продолжительность пробежки, то неиспользованный заряд накапливается
и может быть использован в последующие дни. Емкость аккумулятора наушников можно считать неограниченной.</P>

<P>Определите, в какой день Рите впервые не хватит заряда для прослушивания музыки во время всей пробежки.</P>

<h3>Входные данные</h3>

<P>Первая строка входных данных содержит целое число <i>A</i> (1&nbsp;&le;&nbsp;<i>A</i>&nbsp;&le;&nbsp;10<sup>9</sup>)&nbsp;&mdash;
величину ежедневного заряда аккумулятора (в минутах прослушивания музыки). Вторая строка входных данных содержит целое число
<i>B</i> (1&nbsp;&le;&nbsp;<i>B</i>&nbsp;&le;&nbsp;10<sup>9</sup>)&nbsp;&mdash; продолжительность пробежки в первый день.</P>

<h3>Выходные данные</h3>

<P>Программа должна вывести одно целое число&nbsp;&mdash; номер дня, на который Рите впервые не хватит заряда наушников на всю пробежку.</P>

<h3>Система оценки</h3>

<P>Решения, правильно работающие, когда входные числа не превосходят 100, будут оцениваться в 60 баллов.</P>

<h3>Пример</h3>

<table style="text-align: left;" border="1" cellpadding="7" cellspacing="1">
<tbody valign="top">

<tr>
<th><p style="margin: 5px;">Ввод</p></th>
<th><p style="margin: 5px;">Вывод</p></th>
<th><p style="margin: 5px;">Пояснение</p></th>
</tr>

<tr>
<td><p style="margin: 5px;">42<br/>40</p></td>
<td><p style="margin: 5px;">6</p></td>
<td><p style="margin: 5px;">Величина ежедневного заряда наушников составляет 42 минуты, а продолжительность пробежки составляет 40 минут. В первый день в наушниках останется лишний заряд на 2 минуты. Во второй день продолжительность пробежки составит 41 минуту, поэтому образуется ещё одна дополнительная минута заряда наушников, всего 3 минуты. В третий день продолжительность пробежки будет равна величине заряда, в четвёртый день продолжительность пробежки будет на 1 минуту больше заряда, а в пятый день&nbsp;&mdash; на 2 минуты больше. Поэтому за четвёртый и пятый день будет истрачен весь накопленный за предыдущие дни заряд, и на шестой день заряда наушников не хватит на всю пробежку.</p></td>
</tr>

</tbody>
</table>

    </description>
  </statement>
</problem>

