<?xml version="1.0" encoding="utf-8" ?>
<problem>
<statement>
    <description>

<P>Персонаж известной компьютерной игры Марио постарел и почти перестал прыгать. Но совсем недавно он увидел спуск из <i>N</i> ступенек,
и его накрыло ностальгией. Марио встал на самую верхнюю ступеньку и решил преодолеть этот спуск при помощи прыжков.</P>

<P>Когда-то Марио знал тысячи различных видов прыжков, но теперь он смог вспомнить только два: короткие и длинные.
Короткий прыжок позволяет спуститься на произвольное число ступенек, не большее <i>X</i>, а длинный&nbsp;&mdash; на произвольное число, не большее <i>Y</i>
(<i>X</i>&nbsp;&lt;&nbsp;<i>Y</i>). Но в силу возраста Марио не может делать два длинных прыжка подряд
и вынужден между ними совершать хотя бы один короткий. При этом Марио не хочет слишком уж сильно ухудшить
свои прошлые результаты и поэтому постарается обойтись как можно меньшим числом прыжков.</P>

<P>Помогите Марио посчитать минимальное количество прыжков, требующееся для преодоления всех <i>N</i> ступенек.</P>

<h3>Входные данные</h3>
<P>В первой строке входных данных записано целое число <i>X</i>&nbsp;&mdash;
максимальная длина короткого прыжка.</P>

<P>Во второй строке записано целое число <i>Y</i> (1&nbsp;&le;&nbsp;<i>X</i>&nbsp;&lt;&nbsp;<i>Y</i>&nbsp;&lt;&nbsp;10<sup>18</sup>)&nbsp;&mdash;
максимальная длина длинного прыжка.</P>

<P>В третьей строке записано целое число <i>N</i> (1&nbsp;&lt;&nbsp;<i>N</i>&nbsp;&lt;&nbsp;10<sup>18</sup>)&nbsp;&mdash; количество ступенек в спуске.</P>

<h3>Выходные данные</h3>

<P>В единственной строке выведите целое число&nbsp;&mdash; минимальное число прыжков, необходимое Марио для спуска.</P>

<h3>Система оценки</h3>

<P>Решения, правильно работающие только для случаев, когда <i>X</i>, <i>Y</i> и <i>N</i> не превосходят 10<sup>5</sup>, будут оцениваться в 35 баллов.</P>

<P>Решения, правильно работающие только для случаев, когда <i>X</i>, <i>Y</i> и <i>N</i> не превосходят 10<sup>9</sup>, будут оцениваться в 50 баллов.</P>

<h3>Примечание</h3>
<P><b>Обратите внимание</b>, что входные данные, а также ответ могут быть достаточно большими, поэтому следует использовать 64-битный тип данных,
например <b>long&nbsp;long</b> в C/C++, <b>long</b> в Java и C#, <b>int64</b> в Pascal.</P>

<h3>Примеры</h3>

<table style="text-align: left;" border="1" cellpadding="7" cellspacing="1">
<tbody valign="top">

<tr>
<th><p style="margin: 5px;">Ввод</p></th>
<th><p style="margin: 5px;">Вывод</p></th>
</tr>

<tr>
<td><p style="margin: 5px;">2<br/>3<br/>5</p></td>
<td><p style="margin: 5px;">2</p></td>
</tr>

<tr>
<td><p style="margin: 5px;">1<br/>2<br/>4</p></td>
<td><p style="margin: 5px;">3</p></td>
</tr>

<tr>
<td><p style="margin: 5px;">1<br/>100<br/>1000000000000000000</p></td>
<td><p style="margin: 5px;">19801980198019801</p></td>
</tr>

</tbody>
</table>


<table style="border: none; text-align: center;" border="0">
<tbody>
<tr border="0" style="border: none;">
<td border="0" style="border: none;"><IMG src="${getfile}=b09103b4fc013b15958f47586682bf47e62f044c.png" /></td>
<td border="0" style="border: none;"><IMG src="${getfile}=d0c8860aec12a884b6d759a6646df11d27e885d3.png" /></td>
</tr>
<tr border="0" style="border: none;">
<td border="0" style="border: none;"><p>Рисунок к первому примеру</p></td>
<td border="0" style="border: none;"><p>Рисунок ко второму примеру</p></td>
</tr>
</tbody>
</table>


    </description>
  </statement>
</problem>

