<?xml version="1.0" encoding="utf-8" ?>
<problem>
<statement>
    <description>

<P>Андрей вот-вот опоздает на школьный этап ВсОШ. К счастью, недавно в его городе появились порталы.</P>
<P>Город, в котором живет Андрей, можно представить в виде прямой. Всего в городе успели построить <i>N</i> порталов.
Портал с номером <i>i</i> расположен в точке с координатой <i>x</i><sub><i>i</i></sub>.
Если в текущий момент времени вы находитесь в одной точке с каким-нибудь порталом, то можете всего за одну секунду
телепортироваться в любой другой портал вне зависимости от расстояния между ними. А время, требуемое для преодоления
расстояния между точками с координатами <i>p</i> и <i>q</i> без использования порталов  равно |<i>p</i>&nbsp;&minus;&nbsp;<i>q</i>| секунд.
Андрей является влиятельным гражданином, поэтому он может использовать систему порталов любое количество раз.</P>

<P>Изначально Андрей находится в точке <i>s</i>, а точка проведения олимпиады имеет координату <i>e</i>.
Помогите Андрею понять, как быстро он может попасть на олимпиаду, ведь каждая секунда на счету.</P>

<h3>Входные данные</h3>

<P>В первой строке входных данных записано одно целое число <i>s</i>&nbsp;&mdash; начальное положение Андрея.</P>
<P>Во второй строке записано одно целое число <i>e</i>&nbsp;&mdash; место проведения олимпиады.</P>
<P>В третьей строке записано количество порталов <i>N</i> (2&nbsp;&le;&nbsp;<i>N</i>&nbsp;&le;&nbsp;2&times;10<sup>5</sup>).</P>
<P>В каждой из <i>N</i> следующих строк записано целое число <i>x</i><sub><i>i</i></sub>&nbsp;&mdash; координата портала с номером&nbsp;<i>i</i>.</P>
<P>Все числа <i>s</i>, <i>e</i>, <i>x</i><sub><i>i</i></sub> по модулю не превосходят 10<sup>8</sup>.</P>

<h3>Выходные данные</h3>

<P>Выведите одно число&nbsp;&mdash; минимальное количество секунд, которое потребуется Андрею для того, чтобы добраться до места проведения олимпиады.</P>

<h3>Система оценки</h3>

<P>Решения, правильно работающие только для случаев, когда <i>N</i> не превосходит 10, будут оцениваться в 20 баллов.</P>
<P>Решения, правильно работающие только для случаев, когда <i>N</i> не превосходит 1000, будут оцениваться в 60 баллов.</P>

<h3>Пример</h3>

<table style="text-align: left;" border="1" cellpadding="7" cellspacing="1">
<tbody valign="top">

<tr>
<th><p style="margin: 5px;">Ввод</p></th>
<th><p style="margin: 5px;">Вывод</p></th>
<th><p style="margin: 5px;">Пояснение</p></th>
</tr>

<tr>
<td><p style="margin: 5px;">0<br/>4<br/>3<br/>1<br/>3<br/>5</p></td>
<td><p style="margin: 5px;">3</p></td>
<td><p style="margin: 5px;">Если бы Андрей не мог пользоваться порталами, он бы смог добраться до точки проведения олимпиады за
|0&nbsp;&minus;4|&nbsp;=&nbsp;4 секунды. Однако, можно действовать так:
<br/>1. Дойти до портала с номером 1 за |0&nbsp;&minus;1|&nbsp;=&nbsp;1 секунду.
<br/>2. Телепортироваться в портал с номером 2 за одну секунду.
<br/>3. Дойти от портала с номером 2 до точки проведения олимпиады за |3&nbsp;&minus;4|&nbsp;=&nbsp;1 секунду.
<br/>Суммарно получаем 1&nbsp;+&nbsp;1&nbsp;+&nbsp;1&nbsp;=&nbsp;3 секунды.</p></td>
</tr>

</tbody>
</table>

    </description>
  </statement>
</problem>

