<?xml version="1.0" encoding="utf-8" ?>
<problem>
<statement>
    <description>

<P>В свободное от учёбы время Даша очень любит смотреть мультсериалы, снятые по комиксам. Она уже выбрала мультсериал для просмотра,
но есть одна проблема. Достаточно часто в экранизациях комиксов серии снимают не последовательно по хронологии событий,
а в каком-то странном порядке. Чтобы избавить себя от путаницы, Даша решила, что выберет и посмотрит ровно три серии, причем так,
чтобы номера этих серий шли в возрастающем порядке и годы, в которые происходят события в сериях, тоже шли в возрастающем порядке.
Для каждой серии известно, в каком году происходят события этой серии.</P>

<P>Помогите Даше найти три подходящие серии для просмотра.</P>

<h3>Входные данные</h3>

<P>В первой строке входных данных записано единственное целое число <i>N</i>&nbsp;&mdash; количество серий (3&nbsp;&le;&nbsp;N&nbsp;&le;&nbsp;10<sup>5</sup>).</P>

<P>В каждой из следующих <i>N</i> строк записано по одному целому числу&nbsp;&mdash; год, в который происходят события очередной серии
(каждый год является целым числом от 1 до 10<sup>9</sup> включительно).</P>

<h3>Выходные данные</h3>

<P>Программа должна вывести три целых числа <i>i</i>, <i>j</i>, <i>k</i>
(1&nbsp;&le;&nbsp;<i>i</i>&nbsp;&lt;&nbsp;<i>j</i>&nbsp;&lt;&nbsp;<i>k</i> &nbsp;&le;&nbsp;<i>N</i>)&nbsp;&mdash; номера искомых трех серий.
Серии нумеруются числами от 1 до <i>N</i>. Если ответов несколько, выведите любой из них. Если ответа не существует, выведите одно число ноль.</P>

<h3>Система оценки</h3>

<P>Решения, правильно работающие, когда <i>N</i>&nbsp;&le;&nbsp;100, будут оцениваться в 30 баллов.</P>
<P>Решения, правильно работающие, когда <i>N</i>&nbsp;&le;&nbsp;2000, будут оцениваться в 60 баллов.</P>

<h3>Примеры</h3>

<table style="text-align: left;" border="1" cellpadding="7" cellspacing="1">
<tbody valign="top">

<tr>
<th><p style="margin: 5px;">Ввод</p></th>
<th><p style="margin: 5px;">Вывод</p></th>
<th><p style="margin: 5px;">Пояснение</p></th>
</tr>

<tr>
<td><p style="margin: 5px;">4<br/>1985<br/>2000<br/>1990<br/>2005</p></td>
<td><p style="margin: 5px;">1 2 4</p></td>
<td><p style="margin: 5px;">В первом примере нужно выбрать серии 1, 2, 4, действие которых происходит в 1985, 2000 и 2005 годах соответственно.</p></td>
</tr>

<tr>
<td><p style="margin: 5px;">4<br/>2000<br/>2000<br/>2001<br/>2001</p></td>
<td><p style="margin: 5px;">0</p></td>
<td><p style="margin: 5px;">Во втором примере выбрать три серии, удовлетворяющие условиям задачи, нельзя.</p></td>
</tr>

</tbody>
</table>





    </description>
  </statement>
</problem>

